Image Name,Label Count
51.jpg,5
71.jpg,5
45.jpg,4
47.jpg,4
66.jpg,4
7.jpg,4
72.jpg,4
94.jpg,4
103.jpg,3
12.jpg,3
18.jpg,3
20.jpg,3
24.jpg,3
25.jpg,3
29.jpg,3
30.jpg,3
49.jpg,3
63.jpg,3
67.jpg,3
82.jpg,3
87.jpg,3
88.jpg,3
91.jpg,3
1.jpg,2
10.jpg,2
100.jpg,2
101.jpg,2
102.jpg,2
11.jpg,2
13.jpg,2
15.jpg,2
17.jpg,2
21.jpg,2
22.jpg,2
23.jpg,2
26.jpg,2
28.jpg,2
34.jpg,2
35.jpg,2
36.jpg,2
37.jpg,2
41.jpg,2
43.jpg,2
44.jpg,2
46.jpg,2
48.jpg,2
52.jpg,2
54.jpg,2
56.jpg,2
61.jpg,2
62.jpg,2
64.jpg,2
65.jpg,2
69.jpg,2
70.jpg,2
75.jpg,2
76.jpg,2
8.jpg,2
81.jpg,2
84.jpg,2
85.jpg,2
86.jpg,2
9.jpg,2
90.jpg,2
93.jpg,2
95.jpg,2
104.jpg,1
14.jpg,1
16.jpg,1
19.jpg,1
2.jpg,1
3.jpg,1
31.jpg,1
32.jpg,1
38.jpg,1
39.jpg,1
4.jpg,1
40.jpg,1
42.jpg,1
50.jpg,1
53.jpg,1
55.jpg,1
57.jpg,1
58.jpg,1
6.jpg,1
60.jpg,1
68.jpg,1
73.jpg,1
74.jpg,1
77.jpg,1
78.jpg,1
79.jpg,1
83.jpg,1
89.jpg,1
92.jpg,1
96.jpg,1
97.jpg,1
99.jpg,1
27.jpg,0
33.jpg,0
5.jpg,0
59.jpg,0
80.jpg,0
98.jpg,0
