Image Name,Label Count
1.jpg,2
10.jpg,2
100.jpg,2
101.jpg,2
102.jpg,2
103.jpg,3
104.jpg,1
11.jpg,2
12.jpg,3
13.jpg,2
14.jpg,1
15.jpg,2
16.jpg,1
17.jpg,2
18.jpg,3
19.jpg,1
2.jpg,1
20.jpg,3
21.jpg,2
22.jpg,2
23.jpg,2
24.jpg,3
25.jpg,3
26.jpg,2
27.jpg,0
28.jpg,2
29.jpg,3
3.jpg,1
30.jpg,3
31.jpg,1
32.jpg,1
33.jpg,0
34.jpg,2
35.jpg,2
36.jpg,2
37.jpg,2
38.jpg,1
39.jpg,1
4.jpg,1
40.jpg,1
41.jpg,2
42.jpg,1
43.jpg,2
44.jpg,2
45.jpg,4
46.jpg,2
47.jpg,4
48.jpg,2
49.jpg,3
5.jpg,0
50.jpg,1
51.jpg,5
52.jpg,2
53.jpg,1
54.jpg,2
55.jpg,1
56.jpg,2
57.jpg,1
58.jpg,1
59.jpg,0
6.jpg,1
60.jpg,1
61.jpg,2
62.jpg,2
63.jpg,3
64.jpg,2
65.jpg,2
66.jpg,4
67.jpg,3
68.jpg,1
69.jpg,2
7.jpg,4
70.jpg,2
71.jpg,5
72.jpg,4
73.jpg,1
74.jpg,1
75.jpg,2
76.jpg,2
77.jpg,1
78.jpg,1
79.jpg,1
8.jpg,2
80.jpg,0
81.jpg,2
82.jpg,3
83.jpg,1
84.jpg,2
85.jpg,2
86.jpg,2
87.jpg,3
88.jpg,3
89.jpg,1
9.jpg,2
90.jpg,2
91.jpg,3
92.jpg,1
93.jpg,2
94.jpg,4
95.jpg,2
96.jpg,1
97.jpg,1
98.jpg,0
99.jpg,1
